{
  "usingComponents": {
    "van-button": "../../dist/button/index",
    "van-field": "../../dist/field/index",
    "van-panel": "../../dist/panel/index",
    "van-steps": "../../dist/steps/index",
    "van-divider": "../../dist/divider/index",
    "van-icon": "../../dist/icon/index",
    "van-collapse": "../../dist/collapse/index",
    "van-collapse-item": "../../dist/collapse-item/index",
    "van-row": "../../dist/row/index",
    "van-col": "../../dist/col/index",
    "van-notify": "../../dist/notify/index"
  }
}